Player Name,Team,Pos,G,AB,R,H,2B,3B,HR,RBI,SB,CS,BB,SO,SH,SF,HBP,AVG,OBP,SLG,OPS
"Inciarte, Ender",ATL,OF,157,662,93,201,27,5,11,57,22,9,49,94,3,4,0,0.304,0.35,0.409,0.759
"Gordon, Dee",MIA,2B,158,653,114,201,20,9,2,33,60,16,25,93,2,4,10,0.308,0.341,0.375,0.716
"Lindor, Francisco",CLE,SS,159,651,99,178,44,4,33,89,15,3,60,93,5,3,4,0.273,0.337,0.505,0.842
"Blackmon, Charlie",COL,OF,159,644,137,213,35,14,37,104,14,10,65,135,3,3,10,0.331,0.399,0.601,1
"Andrus, Elvis",TEX,SS,158,643,100,191,44,4,20,88,25,10,38,101,1,4,3,0.297,0.337,0.471,0.808
"Machado, Manny",BAL,3B,156,630,81,163,33,1,33,95,9,4,50,115,0,9,1,0.259,0.31,0.471,0.781
"Betts, Mookie",BOS,OF,153,628,101,166,46,2,24,102,26,3,77,79,0,5,2,0.264,0.344,0.459,0.803
"Schoop, Jonathan",BAL,2B,160,622,92,182,35,0,32,105,1,0,35,142,0,7,11,0.293,0.338,0.503,0.841
"Abreu, Jose",CWS,1B,156,621,95,189,43,6,33,102,3,0,35,119,0,4,15,0.304,0.354,0.552,0.906
"Dozier, Brian",MIN,2B,152,617,106,166,30,4,34,93,16,7,78,141,0,2,8,0.269,0.357,0.496,0.853
"Castellanos, Nick",DET,3B,157,614,73,167,36,10,26,101,4,5,41,142,0,5,5,0.272,0.32,0.49,0.81
"Ozuna, Marcell",MIA,OF,159,613,93,191,30,2,37,124,1,3,64,144,0,2,0,0.312,0.376,0.548,0.924
"Longoria, Evan",TB,3B,156,613,71,160,36,2,20,86,6,1,46,109,0,12,6,0.261,0.313,0.424,0.737
"LeMahieu, DJ",COL,2B,155,609,95,189,28,4,8,64,6,5,59,90,3,5,6,0.31,0.374,0.409,0.783
"Galvis, Freddy",PHI,SS,162,608,71,155,29,6,12,61,14,5,45,111,2,4,4,0.255,0.309,0.382,0.691
"Odor, Rougned",TEX,2B,162,607,79,124,21,3,30,75,15,6,32,162,0,4,8,0.204,0.252,0.397,0.649
"Arenado, Nolan",COL,3B,159,606,100,187,43,7,37,130,3,2,62,106,1,6,4,0.309,0.373,0.586,0.959
"Hosmer, Eric",KC,1B,162,603,98,192,31,1,25,94,6,1,66,104,0,2,0,0.318,0.385,0.498,0.883
"Yelich, Christian",MIA,OF,156,602,100,170,36,2,18,81,16,2,80,137,0,6,6,0.282,0.369,0.439,0.808
"Escobar, Alcides",KC,SS,162,599,71,150,36,5,6,54,4,7,15,102,7,4,4,0.25,0.272,0.357,0.629
"Stanton, Giancarlo",MIA,OF,159,597,123,168,32,0,59,132,2,2,85,163,0,3,7,0.281,0.376,0.631,1.007
"Jones, Adam",BAL,OF,147,597,82,170,28,1,26,73,2,1,27,113,1,3,7,0.285,0.322,0.466,0.788
"Gardner, Brett",NYY,OF,151,594,96,157,26,4,21,63,23,5,72,122,5,3,8,0.264,0.35,0.428,0.778
"Markakis, Nick",ATL,OF,160,593,76,163,39,1,8,76,0,2,68,110,0,3,6,0.275,0.354,0.384,0.738
"Pujols, Albert",LAA,DH,149,593,53,143,17,0,23,101,3,0,37,93,0,4,2,0.241,0.286,0.386,0.672
"Cano, Robinson",SEA,2B,150,592,79,166,33,0,23,97,1,0,49,85,0,3,4,0.28,0.338,0.453,0.791
"Altuve, Jose",HOU,2B,153,590,112,204,39,4,24,81,32,6,58,84,1,4,9,0.346,0.41,0.547,0.957
"Simmons, Andrelton",LAA,SS,158,589,77,164,38,2,14,69,19,6,47,67,0,8,3,0.278,0.331,0.421,0.752
"Dickerson, Corey",TB,OF,150,588,84,166,33,4,27,62,4,3,35,152,0,2,3,0.282,0.325,0.49,0.815
"Bautista, Jose",TOR,OF,157,587,92,119,27,0,23,65,6,3,84,170,0,7,8,0.203,0.308,0.366,0.674
"Duvall, Adam",CIN,OF,157,587,78,146,37,3,31,99,5,3,39,170,0,11,10,0.249,0.301,0.48,0.781
"Merrifield, Whit",KC,2B,145,587,80,169,32,6,19,78,34,8,29,88,1,7,6,0.288,0.324,0.46,0.784
"Anderson, Tim",CWS,SS,146,587,72,151,26,4,17,56,15,1,13,162,2,1,3,0.257,0.276,0.402,0.678
"Pillar, Kevin",TOR,OF,154,587,72,150,37,1,16,42,15,6,33,95,3,3,6,0.256,0.3,0.404,0.704
"Ramirez, Jose",CLE,3B,152,585,107,186,56,6,29,83,17,5,52,69,0,5,3,0.318,0.374,0.583,0.957
"Cain, Lorenzo",KC,OF,155,584,86,175,27,5,15,49,26,2,54,100,0,2,5,0.3,0.363,0.44,0.803
"Hamilton, Billy",CIN,OF,139,582,85,144,17,11,4,38,59,13,44,133,5,2,0,0.247,0.299,0.335,0.634
"Seager, Kyle",SEA,3B,154,578,72,144,33,1,27,88,2,1,58,110,0,6,8,0.249,0.323,0.45,0.773
"Healy, Ryon",OAK,3B,149,576,66,156,29,0,25,78,0,1,23,142,0,2,4,0.271,0.302,0.451,0.753
"Franco, Maikel",PHI,3B,154,575,66,132,29,1,24,76,0,0,41,95,0,5,2,0.23,0.281,0.409,0.69
"Benintendi, Andrew",BOS,OF,151,573,84,155,26,1,20,90,20,5,70,112,1,8,6,0.271,0.352,0.424,0.776
"Rizzo, Anthony",CHC,1B,157,572,99,156,32,3,32,109,10,4,91,90,0,4,24,0.273,0.392,0.507,0.899
"Bogaerts, Xander",BOS,SS,148,571,94,156,32,6,10,62,15,1,56,116,0,2,6,0.273,0.343,0.403,0.746
"Santana, Carlos",CLE,1B,154,571,90,148,37,3,23,79,5,1,88,94,0,2,6,0.259,0.363,0.455,0.818
"McCutchen, Andrew",PIT,OF,156,570,94,159,30,2,28,88,11,5,73,116,0,3,4,0.279,0.363,0.486,0.849
"Calhoun, Kole",LAA,OF,155,569,77,139,23,2,19,71,5,1,71,134,0,6,8,0.244,0.333,0.392,0.725
"Lowrie, Jed",OAK,2B,153,567,86,157,49,3,14,69,0,1,73,100,0,3,2,0.277,0.36,0.448,0.808
"Myers, Wil",SD,1B,155,567,80,138,29,3,30,74,20,6,70,180,0,7,5,0.243,0.328,0.464,0.792
"Davis, Khris",OAK,OF,153,566,91,140,28,1,43,110,4,0,73,195,0,7,6,0.247,0.336,0.528,0.864
"Smoak, Justin",TOR,1B,158,560,85,151,29,1,38,90,0,1,73,128,0,2,2,0.27,0.355,0.529,0.884
"Trumbo, Mark",BAL,OF,146,559,79,131,22,0,23,65,1,0,42,149,0,1,1,0.234,0.289,0.397,0.686
"Votto, Joey",CIN,1B,162,559,106,179,34,1,36,100,5,1,134,83,0,6,8,0.32,0.454,0.578,1.032
"Goldschmidt, Paul",ARI,1B,155,558,117,166,34,3,36,120,18,5,94,147,0,4,8,0.297,0.404,0.563,0.967
"Morales, Kendrys",TOR,DH,150,557,67,139,25,0,28,85,0,0,43,132,0,3,5,0.25,0.308,0.445,0.753
"Cruz, Nelson",SEA,DH,155,556,91,160,28,0,39,119,1,1,70,140,0,7,12,0.288,0.375,0.549,0.924
"Bregman, Alex",HOU,3B,155,556,88,158,39,5,19,71,17,5,55,97,1,7,7,0.284,0.352,0.475,0.827
"Moustakas, Mike",KC,3B,148,555,75,151,24,0,38,85,0,0,34,94,0,6,3,0.272,0.314,0.521,0.835
"Mazara, Nomar",TEX,OF,148,554,64,140,30,2,20,101,2,2,55,127,0,3,4,0.253,0.323,0.422,0.745
"Encarnacion, Edwin",CLE,1B,157,554,96,143,20,1,38,107,2,0,104,133,0,5,5,0.258,0.377,0.504,0.881
"Kinsler, Ian",DET,2B,139,551,90,130,25,3,22,52,14,5,55,86,0,0,7,0.236,0.313,0.412,0.725
"Bell, Josh",PIT,1B,159,549,75,140,26,6,26,90,2,4,66,117,0,4,1,0.255,0.334,0.466,0.8
"Bryant, Kris",CHC,3B,151,549,111,162,38,4,29,73,7,5,95,128,0,6,15,0.295,0.409,0.537,0.946
"Springer, George",HOU,OF,140,548,112,155,29,0,34,85,5,7,64,111,0,4,11,0.283,0.367,0.522,0.889
"Choo, Shin-Soo",TEX,OF,149,544,96,142,20,1,22,78,12,3,77,134,3,5,7,0.261,0.357,0.423,0.78
"Mancini, Trey",BAL,OF,147,543,65,159,26,4,24,78,1,0,33,139,0,4,6,0.293,0.338,0.488,0.826
"Rosario, Eddie",MIN,OF,151,542,79,157,33,2,27,78,9,8,35,106,4,8,0,0.29,0.328,0.507,0.835
"Judge, Aaron",NYY,OF,155,542,128,154,24,3,52,114,9,4,127,208,0,4,5,0.284,0.422,0.627,1.049
"Seager, Corey",LAD,SS,145,539,85,159,33,0,22,77,4,2,67,131,0,3,4,0.295,0.375,0.479,0.854
"Shaw, Travis",MIL,3B,144,538,84,147,34,1,31,101,10,0,60,138,1,3,4,0.273,0.349,0.513,0.862
"Lamb, Jake",ARI,3B,149,536,89,133,30,4,30,105,6,4,87,152,0,5,7,0.248,0.357,0.487,0.844
"Suarez, Eugenio",CIN,3B,156,534,87,139,25,2,26,82,4,5,84,147,0,5,9,0.26,0.367,0.461,0.828
"Gregorius, Didi",NYY,SS,136,534,73,153,27,0,25,87,3,1,25,70,0,7,3,0.287,0.318,0.478,0.796
"Murphy, Daniel",WAS,2B,144,534,94,172,43,3,23,93,2,0,52,77,0,3,4,0.322,0.384,0.543,0.927
"Realmuto, J.T.",MIA,C,141,532,68,148,31,5,17,65,8,2,36,106,0,3,8,0.278,0.332,0.451,0.783
"Gurriel, Yulieski",HOU,1B,139,529,69,158,43,1,18,75,3,2,22,62,0,6,7,0.299,0.332,0.486,0.818
"Herrera, Odubel",PHI,OF,138,526,67,148,42,3,14,56,8,5,31,126,0,2,4,0.281,0.325,0.452,0.777
"Peralta, David",ARI,OF,140,525,82,154,31,3,14,57,8,4,43,94,0,3,6,0.293,0.352,0.444,0.796
"Santana, Domingo",MIL,OF,151,525,88,146,29,0,30,85,15,4,73,178,0,3,6,0.278,0.371,0.505,0.876
"Mauer, Joe",MIN,1B,141,525,69,160,36,1,7,71,2,1,66,83,0,3,3,0.305,0.384,0.417,0.801
"Segura, Jean",SEA,SS,125,524,80,157,30,2,11,45,22,8,34,83,0,1,6,0.3,0.349,0.427,0.776
"Zimmerman, Ryan",WAS,1B,144,524,90,159,33,0,36,108,1,0,44,126,0,5,3,0.303,0.358,0.573,0.931
"Souza, Steven",TB,OF,148,523,78,125,21,2,30,78,16,4,84,179,2,1,7,0.239,0.351,0.459,0.81
"Reynolds, Mark",COL,1B,148,520,82,139,22,1,30,97,2,1,69,175,0,3,1,0.267,0.352,0.487,0.839
"Crawford, Brandon",SF,SS,144,518,58,131,34,1,14,77,3,5,42,113,0,9,1,0.253,0.305,0.403,0.708
"Garcia, Avisail",CWS,OF,136,518,75,171,27,5,18,80,5,3,33,111,0,1,9,0.33,0.38,0.506,0.886
"Taylor, Chris",LAD,2B,140,514,85,148,34,5,21,72,17,4,50,142,0,1,3,0.288,0.354,0.496,0.85
"Headley, Chase",NYY,3B,147,512,77,140,30,1,12,61,9,2,60,132,1,7,6,0.273,0.352,0.406,0.758
"Morrison, Logan",TB,1B,149,512,75,126,22,1,38,85,2,0,81,149,0,3,5,0.246,0.353,0.516,0.869
"Panik, Joe",SF,2B,138,511,60,147,28,5,10,53,4,1,46,54,3,8,5,0.288,0.347,0.421,0.768
"Kepler, Max",MIN,OF,147,511,67,124,32,2,19,69,6,1,47,114,1,3,6,0.243,0.312,0.425,0.737
"Hernandez, Cesar",PHI,2B,128,511,85,150,26,6,9,34,15,5,61,104,0,1,4,0.294,0.373,0.421,0.794
"Gamel, Ben",SEA,OF,134,509,68,140,27,5,11,59,4,1,36,122,1,3,1,0.275,0.322,0.413,0.735
"Rendon, Anthony",WAS,3B,147,508,81,153,41,1,25,100,7,2,84,82,0,6,7,0.301,0.403,0.533,0.936
"Moreland, Mitch",BOS,1B,149,508,73,125,34,0,22,79,0,1,57,120,0,5,6,0.246,0.326,0.443,0.769
"Arcia, Orlando",MIL,SS,153,506,56,140,17,2,15,53,14,7,36,100,2,3,1,0.277,0.324,0.407,0.731
"Story, Trevor",COL,SS,145,503,68,120,32,3,24,82,7,2,49,191,0,1,2,0.239,0.308,0.457,0.765
"Mercer, Jordy",PIT,SS,145,502,52,128,24,5,14,58,0,4,51,88,0,2,3,0.255,0.326,0.406,0.732
"Molina, Yadier",STL,C,136,501,60,137,27,1,18,82,9,4,28,74,1,9,4,0.273,0.312,0.439,0.751
"Reyes, Jose",NYM,SS,145,501,75,123,25,7,15,58,24,6,50,79,5,3,2,0.246,0.315,0.413,0.728
"Puig, Yasiel",LAD,OF,152,499,72,131,24,2,28,74,15,6,64,100,0,5,2,0.263,0.346,0.487,0.833
"Carpenter, Matt",STL,1B,145,497,91,120,31,2,23,69,2,1,109,125,2,5,9,0.241,0.384,0.451,0.835
"Span, Denard",SF,OF,129,497,73,135,31,5,12,43,12,7,40,69,1,1,3,0.272,0.329,0.427,0.756
"Ramirez, Hanley",BOS,DH,133,496,58,120,24,0,23,62,1,3,51,116,0,0,6,0.242,0.32,0.429,0.749
"Joseph, Tommy",PHI,1B,142,495,51,119,27,1,22,69,1,0,33,129,0,3,2,0.24,0.289,0.432,0.721
"Posey, Buster",SF,C,140,494,62,158,34,0,12,67,6,1,61,66,0,5,8,0.32,0.4,0.462,0.862
"Pence, Hunter",SF,OF,134,493,55,128,13,5,13,67,2,3,40,102,0,4,2,0.26,0.315,0.385,0.7
"Polanco, Jorge",MIN,SS,133,488,60,125,30,3,13,74,13,5,41,78,7,6,2,0.256,0.313,0.41,0.723
"Swanson, Dansby",ATL,SS,144,488,59,113,23,2,6,51,3,3,59,120,0,4,0,0.232,0.312,0.324,0.636
"Margot, Manuel",SD,OF,126,487,53,128,18,7,13,39,17,7,35,106,1,4,2,0.263,0.313,0.409,0.722
"Peraza, Jose",CIN,SS,143,487,50,126,9,4,5,37,23,8,20,70,3,1,7,0.259,0.297,0.324,0.621
"Harrison, Josh",PIT,2B,128,486,66,132,26,2,16,47,12,4,28,90,2,3,23,0.272,0.339,0.432,0.771
"Sanchez, Yolmer",CWS,2B,141,484,63,129,19,8,12,59,8,9,35,111,7,4,4,0.267,0.319,0.413,0.732
"Bradley, Jackie",BOS,OF,133,482,58,118,19,3,17,63,8,3,48,124,0,2,9,0.245,0.323,0.402,0.725
"Bellinger, Cody",LAD,1B,132,480,87,128,26,4,39,97,10,3,64,146,0,3,1,0.267,0.352,0.581,0.933
"Cabrera, Asdrubal",NYM,SS,135,479,66,134,32,0,14,59,3,2,50,83,1,5,5,0.28,0.351,0.434,0.785
"Reddick, Josh",HOU,OF,134,477,77,150,34,4,13,82,7,3,43,72,1,12,0,0.314,0.363,0.484,0.847
"Gordon, Alex",KC,OF,148,476,52,99,20,2,9,45,7,4,45,126,2,4,14,0.208,0.293,0.315,0.608
"Schebler, Scott",CIN,OF,141,473,63,110,25,2,30,67,5,3,39,125,0,5,14,0.233,0.307,0.484,0.791
"Perez, Salvador",KC,C,129,471,57,126,24,1,27,80,1,0,17,95,0,5,5,0.268,0.297,0.495,0.792
"Sanchez, Gary",NYY,C,122,471,79,131,20,0,33,90,2,1,40,120,0,4,10,0.278,0.345,0.531,0.876
"Phillips, Brandon",ATL,2B,120,470,68,137,27,1,11,52,10,8,19,57,1,1,8,0.291,0.329,0.423,0.752
"Gonzalez, Carlos",COL,OF,136,470,72,123,34,0,14,57,3,0,56,119,0,6,2,0.262,0.339,0.423,0.762
"Joyce, Matt",OAK,OF,141,469,78,114,33,0,25,68,4,1,66,113,0,7,2,0.243,0.335,0.473,0.808
"Thames, Eric",MIL,1B,138,469,83,116,26,4,31,63,4,2,75,163,0,0,7,0.247,0.359,0.518,0.877
"Cabrera, Miguel",DET,1B,130,469,50,117,22,0,16,60,0,1,54,110,0,3,3,0.249,0.329,0.399,0.728
"Baez, Javier",CHC,SS,145,469,75,128,24,2,23,75,10,3,30,144,6,2,1,0.273,0.317,0.48,0.797
"Beltran, Carlos",HOU,OF,129,467,60,108,29,0,14,51,0,0,33,102,0,6,3,0.231,0.283,0.383,0.666
"Solarte, Yangervis",SD,SS,128,466,49,119,21,0,18,64,3,0,37,61,0,4,5,0.255,0.314,0.416,0.73
"Iglesias, Jose",DET,SS,130,463,56,118,33,1,6,54,7,4,21,65,3,1,1,0.255,0.288,0.369,0.657
"Buxton, Byron",MIN,OF,140,462,69,117,14,6,16,51,29,1,38,150,5,2,4,0.253,0.314,0.413,0.727
"Gennett, Scooter",CIN,2B,141,461,80,136,22,3,27,97,3,2,30,114,0,2,4,0.295,0.342,0.531,0.873
"Upton, Justin",DET,OF,125,459,81,128,37,0,28,94,10,5,57,147,0,1,3,0.279,0.362,0.542,0.904
"Turner, Justin",LAD,3B,130,457,72,147,32,0,21,71,7,1,59,56,1,7,19,0.322,0.415,0.53,0.945
"Escobar, Eduardo",MIN,3B,129,457,62,116,16,5,21,73,5,1,33,98,1,3,5,0.254,0.309,0.449,0.758
"Davis, Chris",BAL,1B,128,456,65,98,15,1,26,61,1,1,61,195,0,4,3,0.215,0.309,0.423,0.732
"Gonzalez, Marwin",HOU,SS,134,455,67,138,34,0,23,90,8,3,49,99,3,2,6,0.303,0.377,0.53,0.907
"Valencia, Danny",SEA,1B,130,450,54,115,19,3,15,66,2,2,40,122,0,8,2,0.256,0.314,0.411,0.725
"Gallo, Joey",TEX,3B,145,449,85,94,18,3,41,80,7,2,75,196,0,0,8,0.209,0.333,0.537,0.87
"Drury, Brandon",ARI,2B,135,445,41,119,37,2,13,63,1,1,28,103,0,2,5,0.267,0.317,0.447,0.764
"Renfroe, Hunter",SD,OF,122,445,51,103,25,1,26,58,3,0,27,140,0,1,6,0.231,0.284,0.467,0.751
"Spangenberg, Cory",SD,3B,129,444,57,117,18,2,13,46,11,3,34,128,2,1,5,0.264,0.322,0.401,0.723
"Pham, Tommy",STL,OF,128,444,95,136,22,2,23,73,25,7,71,117,2,3,10,0.306,0.411,0.52,0.931
"Castro, Starlin",NYY,2B,112,443,66,133,18,1,16,63,2,0,23,93,0,3,4,0.3,0.338,0.454,0.792
"Freeman, Freddie",ATL,1B,117,440,84,135,35,2,28,71,8,5,65,95,0,2,7,0.307,0.403,0.586,0.989
"Grandal, Yasmani",LAD,C,129,438,50,108,27,0,22,58,0,1,40,130,1,3,0,0.247,0.308,0.459,0.767
"Kemp, Matt",ATL,OF,115,438,47,121,23,1,19,64,0,2,27,99,0,1,0,0.276,0.318,0.463,0.781
"Cozart, Zack",CIN,SS,122,438,80,130,24,7,24,63,3,0,62,78,0,4,3,0.297,0.385,0.548,0.933
"Zobrist, Ben",CHC,2B,128,435,58,101,20,3,12,50,2,2,54,71,2,3,2,0.232,0.318,0.375,0.693
"Perez, Hernan",MIL,3B,136,432,47,112,19,3,14,51,13,4,20,79,2,4,0,0.259,0.289,0.414,0.703
"Heyward, Jason",CHC,OF,126,432,59,112,15,4,11,59,4,4,41,67,2,2,3,0.259,0.326,0.389,0.715
"Maldonado, Martin",LAA,C,138,429,43,95,19,1,14,38,0,2,15,119,8,1,18,0.221,0.276,0.368,0.644
"Gyorko, Jedd",STL,3B,125,426,52,116,21,2,20,67,6,2,47,105,0,7,1,0.272,0.341,0.472,0.813
"Freese, David",PIT,3B,130,426,44,112,16,0,10,52,0,1,58,116,0,4,15,0.263,0.368,0.371,0.739
"Pollock, A.J.",ARI,OF,112,425,73,113,33,6,14,49,20,6,35,71,0,0,6,0.266,0.33,0.471,0.801
"Napoli, Mike",TEX,1B,124,425,60,82,11,1,29,66,1,2,49,163,0,3,7,0.193,0.285,0.428,0.713
"Sano, Miguel",MIN,3B,114,424,75,112,15,2,28,77,0,0,54,173,0,1,4,0.264,0.352,0.507,0.859
"Wieters, Matt",WAS,C,123,422,43,95,20,0,10,52,1,0,38,94,0,4,1,0.225,0.288,0.344,0.632
"Schwarber, Kyle",CHC,OF,129,422,67,89,16,1,30,59,1,1,59,150,0,0,5,0.211,0.315,0.467,0.782
"Correa, Carlos",HOU,SS,109,422,82,133,25,1,24,84,2,1,53,92,0,4,2,0.315,0.391,0.55,0.941
"Harper, Bryce",WAS,OF,111,420,95,134,27,1,29,87,4,2,68,99,0,3,1,0.319,0.413,0.595,1.008
"Fowler, Dexter",STL,OF,118,420,68,111,22,9,18,64,7,3,63,101,0,4,4,0.264,0.363,0.488,0.851
"Goins, Ryan",TOR,SS,143,418,37,99,21,1,9,62,3,2,31,96,5,5,0,0.237,0.286,0.356,0.642
"DeJong, Paul",STL,SS,108,417,55,119,26,1,25,65,1,0,21,124,0,1,4,0.285,0.325,0.532,0.857
"Donaldson, Josh",TOR,3B,113,415,65,112,21,0,33,78,2,2,76,111,0,2,3,0.27,0.385,0.559,0.944
"Broxton, Keon",MIL,OF,143,414,66,91,15,4,20,49,21,7,40,175,1,1,7,0.22,0.299,0.42,0.719
"Davidson, Matt",CWS,3B,118,414,43,91,16,1,26,68,0,1,19,165,0,5,5,0.22,0.26,0.452,0.712
"Grichuk, Randal",STL,OF,122,412,53,98,25,3,22,59,6,1,26,133,0,2,2,0.238,0.285,0.473,0.758
"Turner, Trea",WAS,SS,98,412,75,117,24,6,11,45,46,8,30,80,0,1,4,0.284,0.338,0.451,0.789
"Bruce, Jay",NYM,OF,103,406,61,104,20,0,29,75,0,1,39,102,0,2,1,0.256,0.321,0.52,0.841
"Dietrich, Derek",MIA,3B,135,406,56,101,22,5,13,53,0,1,36,98,0,4,18,0.249,0.334,0.424,0.758
"Pedroia, Dustin",BOS,2B,105,406,46,119,19,0,7,62,4,3,49,48,2,4,2,0.293,0.369,0.392,0.761
"Frazier, Adam",PIT,OF,121,406,55,112,20,6,6,53,9,5,36,57,1,3,8,0.276,0.344,0.399,0.743
"Villar, Jonathan",MIL,SS,122,403,49,97,18,1,11,40,23,8,30,132,2,1,0,0.241,0.293,0.372,0.665
"Trout, Mike",LAA,OF,114,402,92,123,25,3,33,72,22,4,94,90,0,4,7,0.306,0.442,0.629,1.071
"Taylor, Michael",WAS,OF,118,399,55,108,23,3,19,53,17,7,29,137,1,2,1,0.271,0.32,0.486,0.806
"Cabrera, Melky",CWS,OF,98,397,54,117,17,0,13,56,0,0,25,52,2,3,1,0.295,0.336,0.436,0.772
"Martinez, Victor",DET,DH,107,392,38,100,16,0,10,47,0,0,36,63,0,2,5,0.255,0.324,0.372,0.696
"Parra, Gerardo",COL,OF,115,392,56,121,24,1,10,71,2,5,20,67,0,9,4,0.309,0.341,0.452,0.793
"Hedges, Austin",SD,C,120,387,36,83,17,0,18,55,4,1,23,122,1,3,3,0.214,0.262,0.398,0.66
"Zunino, Mike",SEA,C,124,387,52,97,25,0,25,64,1,0,39,160,0,1,8,0.251,0.331,0.509,0.84
"Heredia, Guillermo",SEA,OF,123,386,43,96,16,0,6,24,1,5,27,64,1,1,11,0.249,0.315,0.337,0.652
"Bonifacio, Jorge",KC,OF,113,384,55,98,15,1,17,40,1,1,35,118,0,1,2,0.255,0.32,0.432,0.752
"Belt, Brandon",SF,1B,104,382,63,92,27,3,18,51,3,2,66,104,0,1,2,0.241,0.355,0.469,0.824
"Grossman, Robbie",MIN,OF,119,382,62,94,22,1,9,45,3,1,67,79,2,2,3,0.246,0.361,0.38,0.741
"Kiermaier, Kevin",TB,OF,98,380,56,105,15,3,15,39,16,7,31,99,4,1,5,0.276,0.338,0.45,0.788
"Braun, Ryan",MIL,OF,104,380,58,102,28,2,17,52,12,4,38,76,0,4,3,0.268,0.336,0.487,0.823
"Jay, Jon",CHC,OF,141,379,65,112,18,3,2,34,6,2,37,80,3,2,12,0.296,0.374,0.375,0.749
"Polanco, Gregory",PIT,OF,108,379,39,95,20,0,11,35,8,1,27,60,0,1,3,0.251,0.305,0.391,0.696
"Bour, Justin",MIA,1B,108,377,52,109,18,0,25,83,1,0,47,95,0,4,1,0.289,0.366,0.536,0.902
"Contreras, Willson",CHC,C,117,377,50,104,21,0,21,74,5,4,45,98,1,2,3,0.276,0.356,0.499,0.855
"DeShields Jr., Delino",TEX,OF,120,376,75,101,15,2,6,22,29,8,44,109,13,4,3,0.269,0.347,0.367,0.714
"Conforto, Michael",NYM,OF,109,373,72,104,20,1,27,68,2,0,57,113,0,2,8,0.279,0.384,0.555,0.939
"Holliday, Matt",NYY,DH,105,373,50,86,18,0,19,64,1,0,46,114,0,5,3,0.231,0.316,0.432,0.748
"Altherr, Aaron",PHI,OF,107,372,58,101,24,5,19,65,5,4,32,104,0,1,7,0.272,0.34,0.516,0.856
"Barnhart, Tucker",CIN,C,121,370,26,100,24,2,7,44,4,0,42,68,5,3,3,0.27,0.347,0.403,0.75
"Haniger, Mitch",SEA,OF,96,369,58,104,25,2,16,47,5,4,31,93,1,0,9,0.282,0.352,0.491,0.843
"Gomez, Carlos",TEX,OF,105,368,51,94,23,1,17,51,13,5,31,127,3,5,19,0.255,0.34,0.462,0.802
"Happ, Ian",CHC,2B,115,364,62,92,17,3,24,68,8,4,39,129,2,4,4,0.253,0.328,0.514,0.842
"Owings, Chris",ARI,SS,97,362,41,97,25,1,12,51,12,2,17,87,2,4,1,0.268,0.299,0.442,0.741
"Moss, Brandon",KC,DH,118,362,41,75,14,0,22,50,2,0,37,128,0,2,0,0.207,0.279,0.428,0.707
"Forsythe, Logan",LAD,2B,119,361,56,81,19,0,6,36,3,2,69,109,0,5,4,0.224,0.351,0.327,0.678
"Ellsbury, Jacoby",NYY,OF,112,356,65,94,20,4,7,39,22,3,41,63,2,0,5,0.264,0.348,0.402,0.75
"Castro, Jason",MIN,C,110,356,49,86,22,0,10,47,0,0,45,108,1,1,4,0.242,0.333,0.388,0.721
"Wong, Kolten",STL,2B,108,354,55,101,27,3,4,42,8,2,41,60,1,3,12,0.285,0.376,0.412,0.788
"Russell, Addison",CHC,SS,110,352,52,84,21,3,12,43,2,1,29,91,0,0,4,0.239,0.304,0.418,0.722
"McCann, James",DET,C,106,352,39,89,14,2,13,49,1,0,26,89,1,3,9,0.253,0.318,0.415,0.733
"Escobar, Yunel",LAA,3B,89,350,43,96,20,1,7,31,1,4,29,51,0,0,2,0.274,0.333,0.397,0.73
"McCann, Brian",HOU,C,97,349,47,84,12,1,18,62,1,0,38,58,0,5,7,0.241,0.323,0.436,0.759
"Mahtook, Mikie",DET,OF,109,348,50,96,15,6,12,38,6,0,23,79,0,2,6,0.276,0.33,0.457,0.787
"d'Arnaud, Travis",NYM,C,112,348,39,85,19,1,16,57,0,0,23,59,0,3,2,0.244,0.293,0.443,0.736
"Valbuena, Luis",LAA,3B,117,347,42,69,15,0,22,65,0,2,48,106,0,5,1,0.199,0.294,0.432,0.726
"Dyson, Jarrod",SEA,OF,111,346,56,87,13,3,5,30,28,7,28,55,4,2,10,0.251,0.324,0.35,0.674
"Descalso, Daniel",ARI,2B,131,344,47,80,16,5,10,51,4,0,48,89,0,2,4,0.233,0.332,0.395,0.727
"Semien, Marcus",OAK,SS,85,342,53,85,19,1,10,40,12,1,38,85,1,3,2,0.249,0.325,0.398,0.723
"Piscotty, Stephen",STL,OF,107,341,40,80,16,1,9,39,3,6,52,87,0,3,5,0.235,0.342,0.367,0.709
"Gomes, Yan",CLE,C,105,341,43,79,15,0,14,56,0,0,31,99,1,2,8,0.232,0.309,0.399,0.708
"Castillo, Welington",BAL,C,96,341,44,96,11,0,20,53,0,0,22,97,0,2,0,0.282,0.323,0.49,0.813
"Beltre, Adrian",TEX,3B,94,340,47,106,22,1,17,71,1,0,39,52,0,6,4,0.312,0.383,0.532,0.915
"Cron, C.J.",LAA,1B,100,339,39,84,14,1,16,56,3,2,22,96,0,3,7,0.248,0.305,0.437,0.742
"Desmond, Ian",COL,OF,95,339,47,93,11,1,7,40,15,4,24,87,2,4,4,0.274,0.326,0.375,0.701
"Brantley, Michael",CLE,OF,90,338,47,101,20,1,9,52,11,1,31,50,0,4,2,0.299,0.357,0.444,0.801
"Miller, Brad",TB,2B,110,338,43,68,13,3,9,40,5,3,63,110,0,4,2,0.201,0.327,0.337,0.664
"Granderson, Curtis",NYM,OF,111,337,58,77,22,3,19,52,4,2,53,90,0,3,2,0.228,0.334,0.481,0.815
"Barney, Darwin",TOR,2B,129,336,34,78,14,0,6,25,7,2,18,64,5,1,2,0.232,0.275,0.327,0.602
"Flores, Wilmer",NYM,3B,110,336,42,91,17,1,18,52,1,1,17,54,0,6,3,0.271,0.307,0.488,0.795
"Kipnis, Jason",CLE,2B,90,336,43,78,25,0,12,35,6,2,28,71,2,5,2,0.232,0.291,0.414,0.705
"Maybin, Cameron",LAA,OF,93,336,57,79,19,1,6,22,29,5,48,78,0,1,2,0.235,0.333,0.351,0.684
"Aybar, Erick",SD,SS,108,333,37,78,15,1,7,22,11,4,28,57,3,2,4,0.234,0.3,0.348,0.648
"Difo, Wilmer",WAS,SS,124,332,47,90,10,4,5,21,10,1,24,74,5,3,1,0.271,0.319,0.37,0.689
"Smith, Seth",BAL,OF,111,330,50,85,19,0,13,32,2,0,36,79,0,1,6,0.258,0.34,0.433,0.773
"Pina, Manny",MIL,C,107,330,45,92,21,0,9,43,2,0,20,79,1,3,5,0.279,0.327,0.424,0.751
"Vazquez, Christian",BOS,C,99,324,43,94,18,2,5,32,7,2,17,64,0,1,3,0.29,0.33,0.404,0.734
"Alonso, Yonder",OAK,1B,100,319,52,85,17,0,22,49,1,0,50,88,0,0,2,0.266,0.369,0.527,0.896
"Romine, Andrew",DET,3B,124,318,45,74,17,2,4,25,6,4,22,67,2,2,4,0.233,0.289,0.336,0.625
"Beckham, Tim",TB,SS,87,317,31,82,5,3,12,36,5,4,24,110,1,1,2,0.259,0.314,0.407,0.721
"Flowers, Tyler",ATL,C,99,317,41,89,16,0,12,49,0,1,31,82,0,2,20,0.281,0.378,0.445,0.823
"Torreyes, Ronald",NYY,SS,108,315,35,92,15,1,3,36,2,0,11,43,5,4,1,0.292,0.314,0.375,0.689
"Williams, Nick",PHI,OF,83,313,45,90,14,4,12,55,1,2,20,97,0,4,6,0.288,0.338,0.473,0.811
"Pearce, Steve",TOR,OF,92,313,38,79,17,1,13,37,0,0,27,68,0,3,5,0.252,0.319,0.438,0.757
"Pirela, Jose",SD,OF,83,312,43,90,25,4,10,40,4,3,27,71,1,2,2,0.288,0.347,0.49,0.837
"Hernandez, Gorkys",SF,OF,128,310,40,79,20,1,0,22,12,4,31,73,2,2,3,0.255,0.327,0.326,0.653
"Marte, Starling",PIT,OF,77,309,48,85,7,2,7,31,21,4,20,63,0,2,8,0.275,0.333,0.379,0.712
"Utley, Chase",LAD,2B,127,309,43,73,20,4,8,34,6,1,32,57,1,2,9,0.236,0.324,0.405,0.729
"Martin, Russell",TOR,C,91,307,49,68,12,0,13,35,1,2,50,83,1,0,7,0.221,0.343,0.388,0.731
"Asuaje, Carlos",SD,2B,89,307,28,83,14,1,4,21,0,1,28,76,5,1,2,0.27,0.334,0.362,0.696
"Nunez, Eduardo",SF,3B,76,302,37,93,21,0,4,31,18,5,12,29,1,2,1,0.308,0.334,0.417,0.751
"Hicks, Aaron",NYY,OF,88,301,54,80,18,0,15,52,10,5,51,67,1,5,3,0.266,0.372,0.475,0.847
"Engel, Adam",CWS,OF,97,301,34,50,11,3,6,21,8,1,19,117,8,0,8,0.166,0.235,0.282,0.517
"Garcia, Leury",CWS,OF,87,300,41,81,15,2,9,33,8,5,13,69,3,2,8,0.27,0.316,0.423,0.739
"Davis, Rajai",OAK,OF,100,300,49,70,17,2,5,18,26,6,26,70,1,1,0,0.233,0.294,0.353,0.647
"Gattis, Evan",HOU,C,84,300,41,79,22,0,12,55,0,1,18,50,0,3,4,0.263,0.311,0.457,0.768
"Almora, Albert",CHC,OF,132,299,39,89,18,1,8,46,1,0,19,53,3,2,0,0.298,0.338,0.445,0.783
"Zimmer, Bradley",CLE,OF,101,299,41,72,15,2,8,39,18,1,26,99,0,3,4,0.241,0.307,0.385,0.692
"Hernandez, Enrique",LAD,SS,140,297,46,64,24,2,11,37,3,0,41,80,1,3,0,0.215,0.308,0.421,0.729
"Rupp, Cameron",PHI,C,88,295,35,64,17,0,14,34,1,0,34,114,0,1,1,0.217,0.299,0.417,0.716
"Revere, Ben",LAA,OF,109,291,37,80,13,2,1,20,21,6,15,25,0,2,0,0.275,0.308,0.344,0.652
"Adams, Matt",ATL,1B,100,291,42,79,20,1,19,58,0,0,19,71,0,3,1,0.271,0.315,0.543,0.858
"Cespedes, Yoenis",NYM,OF,81,291,46,85,17,2,17,42,0,1,26,61,0,2,2,0.292,0.352,0.54,0.892
"Chapman, Matt",OAK,3B,84,290,39,68,23,2,14,40,0,3,32,92,0,2,2,0.234,0.313,0.472,0.785
"Carrera, Ezequiel",TOR,OF,131,287,38,81,10,1,8,20,10,1,30,75,5,0,3,0.282,0.356,0.408,0.764
"Hundley, Nick",SF,C,101,287,27,70,23,0,9,35,0,0,12,81,2,2,0,0.244,0.272,0.418,0.69
"Diaz, Aledmys",STL,SS,79,286,31,74,17,0,7,20,4,1,13,42,1,1,0,0.259,0.29,0.392,0.682
"Pinder, Chad",OAK,SS,87,282,36,67,15,1,15,42,2,1,18,92,0,3,5,0.238,0.292,0.457,0.749
"Lucroy, Jonathan",TEX,C,77,281,27,68,15,0,4,27,1,0,19,32,0,2,4,0.242,0.297,0.338,0.635
"Jackson, Austin",CLE,OF,85,280,46,89,19,3,7,35,3,1,33,64,0,4,1,0.318,0.387,0.482,0.869
"Frazier, Todd",CWS,3B,81,280,41,58,15,0,16,44,4,3,48,71,0,3,4,0.207,0.328,0.432,0.76
"Aguilar, Jesus",MIL,1B,133,279,40,74,15,2,16,52,0,0,25,94,0,3,4,0.265,0.331,0.505,0.836
"Suzuki, Kurt",ATL,C,81,276,38,78,13,0,19,50,0,0,17,39,1,2,13,0.283,0.351,0.536,0.887
"Smith, Kevan",CWS,C,87,276,23,78,17,0,4,30,0,0,9,46,2,3,3,0.283,0.309,0.388,0.697
"Pederson, Joc",LAD,OF,102,273,44,58,20,0,11,35,4,3,39,68,0,1,10,0.212,0.331,0.407,0.738
"Rojas, Miguel",MIA,SS,90,272,37,79,16,2,1,26,2,1,27,32,1,2,4,0.29,0.361,0.375,0.736
"Iannetta, Chris",ARI,C,89,272,38,69,19,0,17,43,0,0,37,87,0,1,6,0.254,0.354,0.511,0.865
"Martinez, Jose",STL,OF,106,272,47,84,13,1,14,46,4,0,32,60,1,2,0,0.309,0.379,0.518,0.897
"Leon, Sandy",BOS,C,85,271,32,61,14,0,7,39,0,0,25,74,1,3,1,0.225,0.29,0.354,0.644
"Lind, Adam",WAS,1B,116,267,39,81,14,0,14,59,1,0,28,47,0,6,0,0.303,0.362,0.513,0.875
"Walker, Neil",NYM,2B,73,265,40,70,13,2,10,36,0,1,27,47,1,2,4,0.264,0.339,0.442,0.781
"Cervelli, Francisco",PIT,C,81,265,31,66,13,2,5,31,0,2,32,65,0,1,6,0.249,0.342,0.37,0.712
"Hechavarria, Adeiny",TB,SS,77,265,29,68,12,4,7,24,4,1,12,58,1,2,1,0.257,0.289,0.411,0.7
"Chirinos, Robinson",TEX,C,88,263,46,67,13,1,17,38,1,0,34,79,1,1,10,0.255,0.36,0.506,0.866
"Rickard, Joey",BAL,OF,111,261,29,63,15,0,4,19,8,1,9,63,2,1,4,0.241,0.276,0.345,0.621
"Motter, Taylor",SEA,SS,92,258,29,51,12,0,7,26,12,1,21,62,0,1,0,0.198,0.257,0.326,0.583
"Jaso, John",PIT,1B,126,256,28,54,19,0,10,35,1,1,40,66,0,1,5,0.211,0.328,0.402,0.73
"Smith, Mallex",TB,OF,81,256,33,69,8,4,2,12,16,5,23,62,2,1,0,0.27,0.329,0.355,0.684
"Hardy, J.J.",BAL,SS,73,254,24,55,13,1,4,24,0,1,12,48,1,0,1,0.217,0.255,0.323,0.578
"Joseph, Caleb",BAL,C,89,254,31,65,14,1,8,28,0,0,10,72,1,0,1,0.256,0.287,0.413,0.7
"Narvaez, Omar",CWS,C,90,253,23,70,10,0,2,14,0,0,38,45,3,0,1,0.277,0.373,0.34,0.713
"Saladino, Tyler",CWS,SS,79,253,23,45,9,2,0,10,5,4,23,67,2,0,3,0.178,0.254,0.229,0.483
"Werth, Jayson",WAS,OF,70,252,35,57,10,1,10,29,4,3,35,69,0,1,1,0.226,0.322,0.393,0.715
"Duda, Lucas",NYM,1B,75,252,30,62,21,0,17,37,0,0,37,73,0,0,2,0.246,0.347,0.532,0.879
"Lagares, Juan",NYM,OF,94,252,37,63,16,2,3,15,7,3,14,56,2,1,3,0.25,0.296,0.365,0.661
"Goodwin, Brian",WAS,OF,74,251,41,63,21,1,13,30,6,0,23,69,0,3,1,0.251,0.313,0.498,0.811
"Sogard, Eric",MIL,2B,94,249,37,68,15,1,3,18,3,3,45,37,1,0,4,0.273,0.393,0.378,0.771
"Presley, Alex",DET,OF,71,245,30,77,10,3,3,20,5,0,15,49,3,0,0,0.314,0.354,0.416,0.77
"Young, Chris",BOS,OF,90,243,30,57,12,2,7,25,3,2,30,55,0,1,2,0.235,0.322,0.387,0.709
"Tulowitzki, Troy",TOR,SS,66,241,16,60,10,0,7,26,0,1,17,40,0,1,1,0.249,0.3,0.378,0.678
"Camargo, Johan",ATL,SS,82,241,30,72,21,2,4,27,0,0,12,51,2,1,0,0.299,0.331,0.452,0.783
"Vargas, Kennys",MIN,1B,78,241,33,61,13,0,11,41,0,0,20,77,0,1,2,0.253,0.314,0.444,0.758
"Garcia, Greg",STL,2B,133,241,27,61,9,2,2,20,2,1,37,64,5,1,6,0.253,0.365,0.332,0.697
"Chisenhall, Lonnie",CLE,OF,82,236,34,68,17,1,12,53,2,2,25,55,3,3,3,0.288,0.36,0.521,0.881
"Martinez, J.D.",ARI,OF,62,232,47,70,13,1,29,65,2,0,24,74,0,1,0,0.302,0.366,0.741,1.107
"Gonzalez, Adrian",LAD,1B,71,231,14,56,17,0,3,30,0,1,16,43,0,4,0,0.242,0.287,0.355,0.642
"Marisnick, Jake",HOU,OF,106,230,50,56,10,0,16,35,9,4,20,90,2,1,6,0.243,0.319,0.496,0.815
"Romine, Austin",NYY,C,80,229,19,50,9,1,2,21,0,0,16,57,2,3,2,0.218,0.272,0.293,0.565
"Wolters, Tony",COL,C,83,229,30,55,8,1,0,16,0,1,33,55,2,0,2,0.24,0.341,0.284,0.625
"Riddle, J.T.",MIA,SS,70,228,20,57,13,1,3,31,0,2,12,50,2,5,0,0.25,0.282,0.355,0.637
"Espinosa, Danny",LAA,2B,77,228,27,37,8,0,6,29,3,5,19,91,1,2,4,0.162,0.237,0.276,0.513
"Herrmann, Chris",ARI,C,106,226,35,41,7,0,10,27,5,0,29,67,0,1,0,0.181,0.273,0.345,0.618
"Blanco, Gregor",ARI,OF,90,224,43,55,10,3,3,13,15,1,31,59,1,0,0,0.246,0.337,0.357,0.694
"Marte, Ketel",ARI,SS,73,223,30,58,11,2,5,18,3,1,29,37,0,2,1,0.26,0.345,0.395,0.74
"Cabrera, Melky",KC,OF,58,223,24,60,13,2,4,29,1,2,11,22,0,3,1,0.269,0.303,0.399,0.702
"Devers, Rafael",BOS,3B,58,222,34,63,14,0,10,30,3,1,18,57,0,0,0,0.284,0.338,0.482,0.82
"Avila, Alex",DET,C,77,219,30,60,11,0,11,32,0,1,43,80,0,1,1,0.274,0.394,0.475,0.869
"Maxwell, Bruce",OAK,C,76,219,21,52,12,0,3,22,0,0,31,63,1,2,0,0.237,0.329,0.333,0.662
"Barnes, Austin",LAD,C,102,218,35,63,15,2,8,38,4,1,39,43,0,0,5,0.289,0.408,0.486,0.894
"Robertson, Daniel",TB,SS,75,218,22,45,7,2,5,19,1,1,29,73,1,2,4,0.206,0.308,0.326,0.634
"Albies, Ozzie",ATL,2B,57,217,34,62,9,5,6,28,8,1,21,36,1,2,3,0.286,0.354,0.456,0.81
"Perez, Roberto",CLE,C,73,217,22,45,12,0,8,38,0,1,26,71,4,1,0,0.207,0.291,0.373,0.664
"Beckham, Tim",BAL,SS,50,216,36,66,13,2,10,26,1,1,12,57,0,0,2,0.306,0.348,0.523,0.871
"Osuna, Jose",PIT,OF,104,215,31,50,13,4,7,30,0,0,9,40,0,1,2,0.233,0.269,0.428,0.697
"Rivera, T.J.",NYM,3B,73,214,27,62,13,1,5,27,1,0,9,32,1,2,5,0.29,0.33,0.43,0.76
"Ramos, Wilson",TB,C,64,208,19,54,6,0,11,35,0,0,10,36,0,3,0,0.26,0.29,0.447,0.737
"Rosales, Adam",OAK,2B,71,205,15,48,11,0,4,27,1,1,10,66,3,3,2,0.234,0.273,0.346,0.619
"Cordoba, Allen",SD,SS,100,202,17,42,2,2,4,15,2,2,18,54,0,3,4,0.208,0.282,0.297,0.579
"Aoki, Norichika",HOU,OF,71,202,28,55,12,1,2,19,5,2,15,29,1,4,2,0.272,0.323,0.371,0.694
"Martinez, J.D.",DET,OF,57,200,38,61,13,2,16,39,2,0,29,54,0,3,0,0.305,0.388,0.63,1.018
"Saunders, Michael",PHI,OF,61,200,25,41,9,2,6,20,0,1,13,51,0,0,1,0.205,0.257,0.36,0.617
"Moncada, Yoan",CWS,2B,54,199,31,46,8,2,8,22,3,2,29,74,0,0,3,0.231,0.338,0.412,0.75
"Suzuki, Ichiro",MIA,OF,136,196,19,50,6,0,3,20,1,1,17,35,1,0,1,0.255,0.318,0.332,0.65
"Pennington, Cliff",LAA,2B,87,194,23,49,6,0,3,21,3,1,16,58,1,5,1,0.253,0.306,0.33,0.636
"Tomlinson, Kelby",SF,2B,104,194,32,50,4,2,1,11,9,1,23,46,2,3,0,0.258,0.332,0.314,0.646
"Frazier, Todd",NYY,3B,66,194,33,43,4,1,11,32,0,0,35,54,0,2,10,0.222,0.365,0.423,0.788
"Olson, Matt",OAK,1B,59,189,33,49,2,0,24,45,0,0,22,60,0,0,5,0.259,0.352,0.651,1.003
"Diaz, Elias",PIT,C,64,188,18,42,14,0,1,19,1,0,11,38,0,1,0,0.223,0.265,0.314,0.579
"Bourjos, Peter",TB,OF,100,188,27,42,9,3,5,15,5,4,12,53,1,1,1,0.223,0.272,0.383,0.655
"Moore, Tyler",MIA,1B,104,187,17,43,14,0,6,30,0,0,10,56,1,4,1,0.23,0.267,0.401,0.668
"Gimenez, Chris",MIN,C,77,186,28,41,9,0,7,16,1,0,33,60,2,0,4,0.22,0.35,0.382,0.732
"Mathis, Jeff",ARI,C,60,186,13,40,10,2,2,11,1,0,14,61,1,0,2,0.215,0.277,0.323,0.6
"Peterson, Jace",ATL,OF,89,186,15,40,9,2,2,17,3,0,27,48,1,0,1,0.215,0.318,0.317,0.635
"Travis, Devon",TOR,2B,50,185,22,48,18,0,5,24,4,2,7,38,1,2,2,0.259,0.291,0.438,0.729
"Carter, Chris",NYY,1B,62,184,20,37,5,1,8,26,0,0,20,76,0,2,2,0.201,0.284,0.37,0.654
"Nava, Daniel",PHI,OF,80,183,21,55,8,1,4,21,1,0,26,38,0,2,3,0.301,0.393,0.421,0.814
"Valaika, Pat",COL,SS,110,182,28,47,11,0,13,40,0,0,7,53,5,1,0,0.258,0.284,0.533,0.817
"Plouffe, Trevor",OAK,3B,58,182,22,39,5,0,7,14,1,1,16,58,0,1,0,0.214,0.276,0.357,0.633
"Norris, Derek",TB,C,53,179,21,36,5,0,9,24,1,0,12,48,0,4,3,0.201,0.258,0.38,0.638
"Kivlehan, Patrick",CIN,OF,115,178,23,37,5,1,9,26,1,2,22,61,0,1,3,0.208,0.304,0.399,0.703
"Nimmo, Brandon",NYM,OF,69,177,26,46,11,1,5,21,2,0,33,60,1,2,2,0.26,0.379,0.418,0.797
"Sucre, Jesus",TB,C,63,176,20,45,6,0,7,29,2,0,7,35,2,4,3,0.256,0.289,0.409,0.698
"Szczur, Matt",SD,OF,104,176,26,40,11,2,3,15,0,2,32,40,2,0,4,0.227,0.358,0.364,0.722
"Rivera, Rene",NYM,C,54,174,15,40,4,0,8,23,0,1,9,54,0,1,3,0.23,0.278,0.391,0.669
"Hicks, John",DET,1B,60,173,25,46,12,0,6,22,2,1,13,51,0,1,3,0.266,0.326,0.439,0.765
"Canha, Mark",OAK,OF,57,173,16,36,13,1,5,14,2,0,7,56,0,1,6,0.208,0.262,0.382,0.644
"Garcia, Adonis",ATL,3B,52,173,19,41,4,0,5,19,4,0,7,23,0,1,2,0.237,0.273,0.347,0.62
"Almonte, Abraham",CLE,OF,69,172,26,40,8,3,3,14,2,1,20,46,1,1,1,0.233,0.314,0.366,0.68
"Marrero, Deven",BOS,3B,71,171,32,36,9,0,4,27,5,0,12,61,3,2,0,0.211,0.259,0.333,0.592
"Knapp, Andrew",PHI,C,56,171,26,44,8,1,3,13,1,0,31,56,0,2,0,0.257,0.368,0.368,0.736
"Duda, Lucas",TB,1B,52,171,20,30,7,0,13,27,0,0,23,62,0,2,4,0.175,0.285,0.444,0.729
"Hoskins, Rhys",PHI,1B,50,170,37,44,7,0,18,48,2,0,37,46,0,2,3,0.259,0.396,0.618,1.014
"Bandy, Jett",MIL,C,60,169,14,35,6,0,6,18,1,0,15,51,0,0,4,0.207,0.287,0.349,0.636
"Amarista, Alexi",COL,2B,96,168,22,40,10,0,3,19,1,0,7,38,1,0,0,0.238,0.269,0.351,0.62
"Ahmed, Nick",ARI,SS,53,167,24,42,8,1,6,21,3,4,10,39,0,0,1,0.251,0.298,0.419,0.717
"Smith, Dominic",NYM,1B,49,167,17,33,6,0,9,26,0,0,14,49,0,1,1,0.198,0.262,0.395,0.657
"Parker, Jarrett",SF,OF,51,166,14,41,12,2,4,23,2,1,10,54,0,0,1,0.247,0.294,0.416,0.71
"Tomas, Yasmany",ARI,OF,47,166,19,40,11,1,8,32,0,0,13,50,0,1,0,0.241,0.294,0.464,0.758
"Machado, Dixon",DET,SS,73,166,17,43,5,1,1,11,1,0,10,32,2,2,1,0.259,0.302,0.319,0.621
"Nunez, Eduardo",BOS,3B,38,165,23,53,12,0,8,27,6,2,6,25,0,0,2,0.321,0.353,0.539,0.892
"Rosario, Amed",NYM,SS,46,165,16,41,4,4,4,10,7,3,3,49,0,0,2,0.248,0.271,0.394,0.665
"Schimpf, Ryan",SD,3B,53,165,24,26,2,0,14,25,0,0,27,70,0,2,3,0.158,0.284,0.424,0.708
"Guyer, Brandon",CLE,OF,70,165,23,39,7,1,2,20,2,0,15,43,2,2,8,0.236,0.326,0.327,0.653
"Blash, Jabari",SD,OF,61,164,24,35,6,0,5,16,1,2,28,66,0,1,2,0.213,0.333,0.341,0.674
"Kendrick, Howie",WAS,OF,52,164,24,48,8,2,7,25,4,2,11,38,0,1,2,0.293,0.343,0.494,0.837
"Butera, Drew",KC,C,75,163,18,37,4,1,3,14,0,0,12,41,1,0,1,0.227,0.284,0.319,0.603
"Adrianza, Ehire",MIN,SS,70,162,30,43,9,2,2,24,8,1,16,25,1,6,1,0.265,0.324,0.383,0.707
"Tapia, Raimel",COL,OF,70,160,27,46,12,2,2,16,5,2,8,36,1,0,2,0.288,0.329,0.425,0.754
"Hanson, Alen",CWS,2B,69,160,28,37,9,1,4,10,9,2,10,43,1,3,1,0.231,0.276,0.375,0.651
"Sandoval, Pablo",SF,3B,47,160,17,36,9,0,5,20,0,0,8,29,0,2,1,0.225,0.263,0.375,0.638
"Vogt, Stephen",OAK,C,54,157,12,34,8,1,4,20,0,1,16,31,0,1,0,0.217,0.287,0.357,0.644
"Urshela, Giovanny",CLE,3B,67,156,14,35,7,0,1,15,0,0,8,22,1,0,0,0.224,0.262,0.288,0.55
"Diaz, Yandy",CLE,3B,49,156,25,41,8,1,0,13,2,0,21,35,0,1,1,0.263,0.352,0.327,0.679
"Ruiz, Rio",ATL,3B,53,150,22,29,5,0,4,19,1,0,19,41,0,3,1,0.193,0.283,0.307,0.59
"Jones, Ryder",SF,1B,53,150,12,26,5,2,2,5,1,0,10,52,0,0,4,0.173,0.244,0.273,0.517
"Collins, Tyler",DET,OF,49,150,18,29,4,1,5,14,0,4,18,55,0,1,0,0.193,0.278,0.333,0.611
"Bruce, Jay",CLE,OF,43,149,21,37,9,2,7,26,1,0,18,37,0,1,1,0.248,0.331,0.477,0.808
"Phegley, Josh",OAK,C,57,149,14,30,11,0,3,10,0,1,9,26,0,1,2,0.201,0.255,0.336,0.591
"Bird, Greg",NYY,1B,48,147,20,28,7,0,9,28,0,0,19,42,0,2,2,0.19,0.288,0.422,0.71
"Fisher, Derek",HOU,OF,53,146,21,31,4,1,5,17,3,3,17,54,0,0,3,0.212,0.307,0.356,0.663
"Santana, Danny",ATL,OF,69,143,16,29,9,2,3,22,6,0,7,33,1,0,1,0.203,0.245,0.357,0.602
"Brugman, Jaycob",OAK,OF,48,143,12,38,2,0,3,12,1,2,18,38,0,1,0,0.266,0.346,0.343,0.689
"Cuthbert, Cheslor",KC,3B,58,143,10,33,7,0,2,18,0,0,9,39,0,1,0,0.231,0.275,0.322,0.597
"Ellis, A.J.",MIA,C,51,143,17,30,5,0,6,14,0,0,12,29,2,0,6,0.21,0.298,0.371,0.669
"Lucroy, Jonathan",COL,C,46,142,18,44,6,3,2,13,0,0,27,19,0,2,4,0.31,0.429,0.437,0.866
"Delmonico, Nicky",CWS,OF,43,141,25,37,4,0,9,23,2,0,23,31,0,0,2,0.262,0.373,0.482,0.855
"Kendrick, Howie",PHI,OF,39,141,16,48,8,1,2,16,8,3,11,30,0,1,3,0.34,0.397,0.454,0.851
"Lobaton, Jose",WAS,C,51,141,11,24,3,0,4,11,0,0,14,35,1,1,1,0.17,0.248,0.277,0.525
"Jones, JaCoby",DET,OF,56,141,14,24,3,1,3,13,6,2,9,65,0,0,4,0.17,0.24,0.27,0.51
"Mesoraco, Devin",CIN,C,56,141,17,30,5,1,6,14,1,0,18,38,0,1,5,0.213,0.321,0.39,0.711
"Prado, Martin",MIA,3B,37,140,13,35,9,0,2,12,0,0,6,22,0,1,0,0.25,0.279,0.357,0.636
"Holt, Brock",BOS,2B,64,140,20,28,6,0,0,7,2,1,19,34,0,2,3,0.2,0.305,0.243,0.548
"Sanchez, Hector",SD,C,75,137,14,30,4,0,8,25,0,0,5,41,0,1,0,0.219,0.245,0.423,0.668
"Fuentes, Rey",ARI,OF,64,136,19,32,1,2,3,9,4,1,8,35,1,0,0,0.235,0.278,0.338,0.616
"Frazier, Clint",NYY,OF,39,134,16,31,9,4,4,17,1,0,7,43,0,1,0,0.231,0.268,0.448,0.716
"Alonso, Yonder",SEA,1B,42,132,20,35,5,0,6,18,1,0,18,30,0,0,0,0.265,0.353,0.439,0.792
"Stewart, Chris",PIT,C,51,131,8,24,1,2,0,4,0,0,9,22,3,0,1,0.183,0.241,0.221,0.462
"Maile, Luke",TOR,C,46,130,10,19,5,0,2,7,1,0,3,35,0,1,2,0.146,0.176,0.231,0.407
"Blanco, Andres",PHI,3B,80,130,10,25,4,0,3,13,1,0,12,34,0,2,0,0.192,0.257,0.292,0.549
"Rua, Ryan",TEX,OF,63,129,17,28,6,0,3,12,2,2,14,52,1,0,0,0.217,0.294,0.333,0.627
"Marte, Jefry",LAA,1B,45,127,10,22,5,0,4,14,1,0,13,34,0,1,4,0.173,0.269,0.307,0.576
"Kim, Hyun Soo",BAL,OF,56,125,11,29,4,0,1,10,0,0,12,27,0,2,2,0.232,0.305,0.288,0.593
"La Stella, Tommy",CHC,2B,73,125,18,36,8,0,5,22,0,0,20,18,0,2,2,0.288,0.389,0.472,0.861
"Ruiz, Carlos",SEA,C,54,125,14,27,8,0,3,11,1,0,14,38,1,1,4,0.216,0.313,0.352,0.665
"Arroyo, Christian",SF,3B,34,125,9,24,5,0,3,14,1,2,8,32,0,1,1,0.192,0.244,0.304,0.548
"Torrens, Luis",SD,C,56,123,7,20,3,1,0,7,0,0,12,30,3,0,1,0.163,0.243,0.203,0.446
"Vogt, Stephen",MIL,C,45,122,13,31,7,0,8,20,0,0,5,25,1,1,0,0.254,0.281,0.508,0.789
"Rasmus, Colby",TB,OF,37,121,17,34,7,1,9,23,1,0,7,45,0,1,0,0.281,0.318,0.579,0.897
"Winker, Jesse",CIN,OF,47,121,21,36,7,0,7,15,1,1,15,24,1,0,0,0.298,0.375,0.529,0.904
"Moroff, Max",PIT,2B,56,120,19,24,4,1,3,21,0,1,16,43,1,1,2,0.2,0.302,0.325,0.627
"Walker, Neil",MIL,2B,38,120,19,32,8,0,4,13,0,1,28,30,0,0,1,0.267,0.409,0.433,0.842
"Slater, Austin",SF,OF,34,117,15,33,3,1,3,16,0,0,8,29,0,0,2,0.282,0.339,0.402,0.741
"Martin, Leonys",SEA,OF,34,115,12,20,2,1,3,8,6,4,5,29,0,0,2,0.174,0.221,0.287,0.508
"Voit, Luke",STL,1B,62,114,18,28,9,0,4,18,0,0,7,31,0,0,3,0.246,0.306,0.43,0.736
"Reynolds, Matt",NYM,3B,68,113,12,26,1,2,1,5,0,1,14,37,1,0,2,0.23,0.326,0.301,0.627
"Tejada, Ruben",BAL,SS,41,113,17,26,6,0,0,5,0,0,8,15,1,0,2,0.23,0.293,0.283,0.576
"Granderson, Curtis",LAD,OF,36,112,16,18,2,0,7,12,2,0,18,33,0,0,2,0.161,0.288,0.366,0.654
"Gonzalez, Erik",CLE,2B,60,110,18,28,6,0,4,11,1,2,3,37,1,1,0,0.255,0.272,0.418,0.69
"Young Jr., Eric",LAA,OF,47,110,24,29,5,0,4,16,12,3,5,31,3,0,7,0.264,0.336,0.418,0.754
"Adams, Lane",ATL,OF,85,109,19,30,4,1,5,20,10,0,10,37,1,1,1,0.275,0.339,0.468,0.807
"Rutledge, Josh",BOS,3B,37,107,10,24,2,1,0,9,1,0,9,31,0,0,2,0.224,0.297,0.262,0.559
"Robinson, Drew",TEX,OF,48,107,11,24,5,0,6,13,0,2,14,42,0,0,0,0.224,0.314,0.439,0.753
"Alfaro, Jorge",PHI,C,29,107,12,34,6,0,5,14,0,0,3,33,0,0,4,0.318,0.36,0.514,0.874
"Alcantara, Arismendy",CIN,OF,70,105,13,18,3,1,1,7,2,0,2,38,1,0,0,0.171,0.187,0.248,0.435
"Garcia, Willy",CWS,OF,44,105,15,25,5,3,2,12,0,0,11,31,1,2,0,0.238,0.305,0.4,0.705
"Telis, Tomas",MIA,1B,48,104,13,25,5,3,0,9,0,0,3,10,0,1,3,0.24,0.279,0.346,0.625
"Cowart, Kaleb",LAA,3B,50,102,18,23,5,1,3,11,4,2,10,28,2,0,3,0.225,0.313,0.382,0.695
"Aoki, Norichika",NYM,OF,27,102,16,29,7,1,0,8,5,0,13,10,0,0,1,0.284,0.371,0.373,0.744
"Phillips, Brandon",LAA,2B,24,102,13,26,7,0,2,8,1,0,2,16,1,0,0,0.255,0.269,0.382,0.651
"Gentry, Craig",BAL,OF,77,101,17,26,5,1,2,11,5,4,11,24,3,1,1,0.257,0.333,0.386,0.719
"Plouffe, Trevor",TB,3B,42,101,9,17,2,0,2,5,0,1,12,30,0,0,1,0.168,0.263,0.248,0.511
"Hanigan, Ryan",COL,C,33,101,9,27,2,0,2,12,0,0,8,26,1,1,1,0.267,0.324,0.347,0.671
"Plawecki, Kevin",NYM,C,37,100,11,26,5,0,3,13,1,0,14,17,0,1,3,0.26,0.364,0.4,0.764
"Sandoval, Pablo",BOS,3B,32,99,10,21,2,0,4,12,0,1,8,24,0,1,0,0.212,0.269,0.354,0.623
"Montero, Miguel",CHC,C,44,98,12,28,3,0,4,8,1,0,11,24,0,1,2,0.286,0.366,0.439,0.805
"Upton, Justin",LAA,OF,27,98,19,24,7,0,7,15,4,0,17,33,0,0,0,0.245,0.357,0.531,0.888
"Weeks, Rickie",TB,DH,37,97,13,21,6,0,2,8,1,0,12,49,0,0,3,0.216,0.321,0.34,0.661
"Soler, Jorge",KC,OF,35,97,7,14,5,0,2,6,0,0,12,36,0,0,1,0.144,0.245,0.258,0.503
"Toles, Andrew",LAD,OF,31,96,17,26,3,0,5,15,0,1,5,16,0,0,1,0.271,0.314,0.458,0.772
"Rodriguez, Sean",PIT,OF,39,95,12,16,1,0,3,5,0,0,8,38,0,0,3,0.168,0.255,0.274,0.529
"Drew, Stephen",WAS,SS,46,95,9,24,7,0,1,17,0,0,8,21,0,3,0,0.253,0.302,0.358,0.66
"Candelario, Jeimer",DET,3B,27,94,16,31,7,0,2,13,0,0,12,18,0,0,0,0.33,0.406,0.468,0.874
"Granite, Zack",MIN,OF,40,93,14,22,2,0,1,13,2,2,12,9,1,1,0,0.237,0.321,0.29,0.611
"Avila, Alex",CHC,C,35,92,11,22,2,1,3,17,0,0,19,40,1,0,0,0.239,0.369,0.38,0.749
"Cordero, Franchy",SD,OF,30,92,15,21,3,3,3,9,1,1,6,44,1,0,0,0.228,0.276,0.424,0.7
"Eaton, Adam",WAS,OF,23,91,24,27,7,1,2,13,3,1,14,18,0,1,1,0.297,0.393,0.462,0.855
"Kelly, Ty",PHI,2B,69,88,11,17,7,0,2,14,0,0,8,24,4,3,1,0.193,0.26,0.341,0.601
"Hernandez, Teoscar",TOR,OF,26,88,16,23,6,0,8,20,0,1,6,36,0,1,0,0.261,0.305,0.602,0.907
"Perkins, Cameron",PHI,OF,42,88,9,16,5,0,1,8,0,0,5,23,0,2,2,0.182,0.237,0.273,0.51
"Kim, Hyun Soo",PHI,OF,40,87,9,20,4,1,0,4,0,0,10,19,0,0,0,0.23,0.309,0.299,0.608
"Montero, Miguel",TOR,C,32,87,12,12,3,0,2,8,0,0,12,23,0,1,1,0.138,0.248,0.241,0.489
"Phillips, Brett",MIL,OF,37,87,9,24,3,0,4,12,5,0,9,34,1,0,1,0.276,0.351,0.448,0.799
"Aviles, Mike",MIA,SS,37,86,5,20,2,0,1,8,0,0,6,15,3,0,2,0.233,0.298,0.291,0.589
"Orlando, Paulo",KC,OF,39,86,9,17,3,0,2,6,1,1,1,20,0,0,2,0.198,0.225,0.302,0.527
"Bader, Harrison",STL,OF,32,85,10,20,3,0,3,10,2,1,5,24,0,1,1,0.235,0.283,0.376,0.659
"Rosales, Adam",ARI,2B,34,84,10,17,5,0,3,9,0,1,1,34,1,1,2,0.202,0.227,0.369,0.596
"Anderson, Brian",MIA,3B,25,84,11,22,7,1,0,8,0,0,10,28,0,1,0,0.262,0.337,0.369,0.706
"Graterol, Juan",LAA,C,48,84,5,17,4,0,0,10,0,0,1,13,0,2,0,0.202,0.207,0.25,0.457
"Adduci, Jim",DET,OF,29,83,14,20,6,2,1,10,1,1,10,27,0,0,0,0.241,0.323,0.398,0.721
"Franklin, Nick",MIL,OF,53,82,7,16,2,1,2,10,2,0,5,19,0,0,2,0.195,0.258,0.317,0.575
"Turner, Stuart",CIN,C,37,82,4,11,3,0,2,7,0,0,5,22,1,1,0,0.134,0.182,0.244,0.426
"Powell, Boog",OAK,OF,29,81,18,26,5,0,3,10,0,1,9,21,0,2,0,0.321,0.38,0.494,0.874
"Gillaspie, Conor",SF,3B,44,80,8,13,4,0,2,8,0,0,5,10,0,1,1,0.163,0.218,0.288,0.506
"Robertson, Daniel",CLE,OF,32,80,9,18,4,1,1,7,0,1,7,3,1,0,0,0.225,0.287,0.338,0.625
"Peterson, Shane",TB,OF,30,79,9,20,5,0,2,11,2,0,5,21,0,1,2,0.253,0.31,0.392,0.702
"Stassi, Brock",PHI,1B,51,78,6,13,2,1,2,7,0,0,12,22,0,0,0,0.167,0.278,0.295,0.573
"Luplow, Jordan",PIT,OF,27,78,6,16,3,1,3,11,0,1,6,22,0,1,2,0.205,0.276,0.385,0.661
"Cecchini, Gavin",NYM,2B,32,77,4,16,2,0,1,7,0,1,4,19,0,0,1,0.208,0.256,0.273,0.529
"Travis, Sam",BOS,1B,33,76,13,20,6,0,0,1,1,0,6,23,0,0,1,0.263,0.325,0.342,0.667
"Jankowski, Travis",SD,OF,27,75,10,14,2,0,0,1,4,0,9,28,2,0,1,0.187,0.282,0.213,0.495
"Coghlan, Chris",TOR,3B,36,75,7,15,2,0,1,5,0,0,9,22,1,1,2,0.2,0.299,0.267,0.566
"Torres, Ramon",KC,2B,33,74,9,18,3,0,0,4,1,0,4,12,0,0,1,0.243,0.291,0.284,0.575
"Heisey, Chris",WAS,OF,38,74,8,12,3,1,1,5,0,0,5,22,0,0,0,0.162,0.215,0.27,0.485
"Hoying, Jared",TEX,OF,36,72,13,16,3,0,1,7,3,0,4,23,0,1,0,0.222,0.26,0.306,0.566
"Barreto, Franklin",OAK,SS,25,71,10,14,1,2,2,6,2,0,5,33,0,0,0,0.197,0.25,0.352,0.602
"Sanchez, Adrian",WAS,3B,34,71,6,19,7,0,0,11,0,2,1,25,2,0,1,0.268,0.288,0.366,0.654
"Fryer, Eric",STL,C,34,71,7,11,3,0,0,3,0,0,11,18,0,0,1,0.155,0.277,0.197,0.474
"Crawford, J.P.",PHI,3B,23,70,8,15,4,1,0,6,1,0,16,22,0,1,0,0.214,0.356,0.3,0.656
"Kelly, Carson",STL,C,34,69,5,12,3,0,0,6,0,0,5,11,0,0,1,0.174,0.24,0.217,0.457
"Williamson, Mac",SF,OF,28,68,8,16,2,0,3,6,1,1,5,25,0,0,0,0.235,0.288,0.397,0.685
"Urena, Richard",TOR,SS,21,68,6,14,4,0,1,4,1,0,6,28,1,0,0,0.206,0.27,0.309,0.579
"Garneau, Dustin",COL,C,22,68,5,14,7,0,1,6,0,0,4,24,1,0,1,0.206,0.26,0.353,0.613
"Hill, Aaron",SF,2B,34,68,7,9,2,1,1,7,0,0,11,13,0,1,0,0.132,0.25,0.235,0.485
"Coleman, Dusty",SD,SS,27,66,6,15,3,0,4,9,1,0,2,33,0,1,2,0.227,0.268,0.455,0.723
"Raburn, Ryan",WAS,OF,25,65,7,17,1,2,2,6,0,1,4,25,0,0,0,0.262,0.304,0.431,0.735
"Hechavarria, Adeiny",MIA,SS,20,65,8,18,2,1,1,6,0,0,1,9,1,0,0,0.277,0.288,0.385,0.673
"Nicholas, Brett",TEX,C,22,63,7,15,4,0,2,11,0,0,2,13,0,0,0,0.238,0.262,0.397,0.659
"Davis, J.D.",HOU,3B,25,62,8,14,4,0,4,7,1,1,4,20,0,1,1,0.226,0.279,0.484,0.763
"De Aza, Alejandro",WAS,OF,28,62,8,12,2,3,0,9,1,0,3,16,3,2,0,0.194,0.224,0.323,0.547
"Navarro, Efren",DET,1B,23,61,9,14,1,1,2,2,0,1,8,21,0,0,0,0.23,0.319,0.377,0.696
"White, Tyler",HOU,1B,22,61,7,17,6,0,3,10,0,1,4,16,0,1,1,0.279,0.328,0.525,0.853
"Hays, Austin",BAL,OF,20,60,4,13,3,0,1,8,0,0,2,16,0,1,0,0.217,0.238,0.317,0.555
"Ruggiano, Justin",SF,OF,19,60,2,13,1,0,2,4,1,1,1,17,0,1,1,0.217,0.238,0.333,0.571
"Sierra, Magneuris",STL,OF,22,60,10,19,0,0,0,5,2,2,4,14,0,0,0,0.317,0.359,0.317,0.676
"Caratini, Victor",CHC,C,31,59,6,15,3,0,1,2,0,0,4,13,0,0,3,0.254,0.333,0.356,0.689
"Maybin, Cameron",HOU,OF,21,59,6,11,1,1,4,13,4,3,3,16,1,0,0,0.186,0.226,0.441,0.667
"Wade, Tyler",NYY,2B,30,58,7,9,4,0,0,2,1,1,5,19,0,0,0,0.155,0.222,0.224,0.446
"Ervin, Phillip",CIN,OF,28,58,8,15,2,0,3,10,4,1,4,15,1,0,1,0.259,0.317,0.448,0.765
"Profar, Jurickson",TEX,OF,22,58,8,10,2,0,0,5,1,1,9,14,2,0,1,0.172,0.294,0.207,0.501
"Hernandez, Marco",BOS,2B,21,58,7,16,3,0,0,2,0,1,1,15,0,0,1,0.276,0.3,0.328,0.628
"Hanson, Alen",PIT,2B,37,57,8,11,0,2,0,1,2,1,2,9,0,0,0,0.193,0.22,0.263,0.483
"Asche, Cody",CWS,DH,19,57,5,6,1,0,1,4,0,0,3,21,0,0,2,0.105,0.177,0.175,0.352
"Stevenson, Andrew",WAS,OF,37,57,5,9,2,0,0,1,1,0,7,20,2,0,0,0.158,0.25,0.193,0.443
"Lin, Tzu-Wei",BOS,2B,25,56,7,15,0,2,0,2,1,1,9,17,1,0,0,0.268,0.369,0.339,0.708
"Gutierrez, Franklin",LAD,OF,35,56,8,13,3,0,1,8,0,1,7,16,0,0,0,0.232,0.317,0.339,0.656
"Peralta, Jhonny",STL,3B,21,54,3,11,0,0,0,0,0,0,4,13,0,0,0,0.204,0.259,0.204,0.463
"Ngoepe, Gift",PIT,2B,28,54,10,12,2,1,0,6,0,0,8,26,1,0,0,0.222,0.323,0.296,0.619
"Lopez, Raffy",TOR,C,24,54,9,12,1,0,4,12,0,0,7,21,0,1,0,0.222,0.306,0.463,0.769
"Mondesi, Raul",KC,2B,25,53,4,9,1,0,1,3,5,2,3,22,4,0,0,0.17,0.214,0.245,0.459
"Taijeron, Travis",NYM,OF,26,52,3,9,2,0,1,3,0,0,5,24,0,0,2,0.173,0.271,0.269,0.54
"Hwang, Jae-Gyun",SF,3B,18,52,2,8,1,0,1,5,0,0,5,15,0,0,0,0.154,0.228,0.231,0.459
"Centeno, Juan",HOU,C,22,52,5,12,0,0,2,4,0,0,4,12,1,0,0,0.231,0.286,0.346,0.632
"Hazelbaker, Jeremy",ARI,OF,41,52,10,18,2,2,2,10,1,0,9,20,0,0,0,0.346,0.443,0.577,1.02
"Refsnyder, Rob",TOR,2B,32,51,5,10,1,0,0,0,2,1,5,9,0,0,1,0.196,0.281,0.216,0.497
"Decker, Jaff",OAK,OF,17,50,4,10,1,1,0,1,1,1,8,17,3,0,1,0.2,0.322,0.26,0.582
"Thompson, Trayce",LAD,OF,27,49,6,6,2,1,1,2,0,0,6,23,0,0,0,0.122,0.218,0.265,0.483
"Calixte, Orlando",SF,OF,29,49,5,7,1,0,0,6,1,0,3,16,1,2,0,0.143,0.185,0.163,0.348
"d'Arnaud, Chase",SD,SS,22,49,5,7,2,0,1,3,5,1,2,17,0,0,0,0.143,0.176,0.245,0.421
"Sardinas, Luis",SD,SS,29,49,3,8,0,0,0,1,1,0,4,11,0,0,0,0.163,0.226,0.163,0.389
"Adams, Matt",STL,1B,31,48,4,14,2,0,1,7,0,0,4,17,0,1,0,0.292,0.34,0.396,0.736
"Brinson, Lewis",MIL,OF,21,47,2,5,0,1,2,3,1,0,7,17,0,0,1,0.106,0.236,0.277,0.513
"Mejia, Alex",STL,3B,29,46,6,5,0,0,1,3,0,0,2,13,1,0,0,0.109,0.146,0.174,0.32
"Florimon, Pedro",PHI,OF,15,46,6,16,4,1,0,6,0,0,3,16,0,0,0,0.348,0.388,0.478,0.866
"Garver, Mitch",MIN,C,23,46,5,9,1,3,0,3,0,0,6,15,0,0,0,0.196,0.288,0.348,0.636
"Rivera, Rene",CHC,C,20,44,8,15,5,0,2,12,0,0,5,16,1,0,0,0.341,0.408,0.591,0.999
"Garneau, Dustin",OAK,C,19,44,5,7,1,0,1,3,0,0,8,12,0,0,0,0.159,0.288,0.25,0.538
"Cooper, Garrett",NYY,1B,13,43,3,14,5,1,0,6,0,0,1,12,0,1,0,0.326,0.333,0.488,0.821
"Soto, Geovany",CWS,C,13,42,5,8,0,0,3,9,0,0,4,10,0,1,1,0.19,0.271,0.405,0.676
"Van Slyke, Scott",LAD,OF,29,41,6,5,1,0,2,3,1,0,7,15,0,0,0,0.122,0.25,0.293,0.543
"Liriano, Rymer",CWS,OF,21,41,4,9,2,0,1,6,1,0,5,14,0,0,0,0.22,0.304,0.341,0.645
"Austin, Tyler",NYY,1B,20,40,4,9,2,0,2,8,0,0,4,17,0,2,0,0.225,0.283,0.425,0.708
"Gosselin, Phil",PIT,2B,28,40,3,6,1,0,0,2,0,1,2,9,0,0,0,0.15,0.19,0.175,0.365
"Featherston, Taylor",TB,2B,17,39,6,7,1,0,2,6,1,0,5,15,0,2,1,0.179,0.277,0.359,0.636
"Flaherty, Ryan",BAL,3B,23,38,5,8,1,0,0,4,0,0,4,10,0,0,1,0.211,0.302,0.237,0.539
"Marrero, Chris",SF,1B,15,38,2,5,0,0,1,5,0,0,2,9,0,1,0,0.132,0.171,0.211,0.382
"Bonifacio, Emilio",ATL,OF,38,38,2,5,1,1,0,3,0,0,1,9,4,1,0,0.132,0.15,0.211,0.361
"Moncrief, Carlos",SF,OF,28,38,4,8,1,0,0,5,0,0,3,15,0,2,0,0.211,0.256,0.237,0.493
"Middlebrooks, Will",TEX,3B,22,38,5,8,2,2,0,3,0,0,1,14,0,0,0,0.211,0.231,0.368,0.599
"Rodriguez, Sean",ATL,OF,15,37,6,6,1,0,2,3,1,0,8,19,1,0,1,0.162,0.326,0.351,0.677
"Naquin, Tyler",CLE,OF,19,37,4,8,2,0,0,1,0,1,2,9,0,1,0,0.216,0.25,0.27,0.52
"Refsnyder, Rob",NYY,2B,20,37,3,5,1,1,0,0,2,0,3,8,0,0,0,0.135,0.2,0.216,0.416
"Kemp, Tony",HOU,OF,17,37,6,8,1,0,0,4,1,0,1,5,0,0,1,0.216,0.256,0.243,0.499
"Kozma, Pete",TEX,SS,28,36,4,4,0,0,1,2,0,1,2,18,1,0,2,0.111,0.2,0.194,0.394
"Powell, Boog",SEA,OF,23,36,6,7,0,0,0,2,0,0,6,9,1,0,0,0.194,0.31,0.194,0.504
"Morse, Mike",SF,1B,24,36,1,7,1,0,1,3,0,0,3,14,0,1,0,0.194,0.25,0.306,0.556
"May, Jacob",CWS,OF,15,36,2,2,0,0,0,3,0,0,3,17,2,0,1,0.056,0.15,0.056,0.206
"Davis, Rajai",BOS,OF,17,36,7,9,2,0,0,2,3,1,1,13,0,0,1,0.25,0.289,0.306,0.595
"Allen, Greg",CLE,OF,25,35,7,8,1,0,1,6,1,0,2,8,0,1,1,0.229,0.282,0.343,0.625
"Calhoun, Willie",TEX,OF,13,34,3,9,0,0,1,4,0,0,2,7,0,0,1,0.265,0.324,0.353,0.677
"Ethier, Andre",LAD,OF,22,34,3,8,1,0,2,3,0,0,4,10,0,0,0,0.235,0.316,0.441,0.757
"Candelario, Jeimer",CHC,3B,11,33,2,5,2,0,1,3,0,0,1,12,0,0,2,0.152,0.222,0.303,0.525
"Colon, Christian",MIA,2B,17,33,3,5,1,0,0,0,0,0,4,7,1,0,0,0.152,0.243,0.182,0.425
"Evans, Phillip",NYM,SS,19,33,4,10,2,0,0,1,0,0,4,8,0,0,1,0.303,0.395,0.364,0.759
"Eibner, Brett",LAD,OF,17,33,3,6,0,0,2,6,0,0,2,17,0,0,1,0.182,0.25,0.364,0.614
"Gomez, Miguel",SF,3B,22,33,3,8,2,0,0,2,0,0,0,6,0,1,0,0.242,0.235,0.303,0.538
"Villanueva, Christian",SD,3B,12,32,5,11,1,0,4,7,0,0,0,10,0,0,0,0.344,0.344,0.75,1.094
"Alvarez, Pedro",BAL,DH,14,32,4,10,1,0,1,4,0,0,2,10,0,0,0,0.313,0.353,0.438,0.791
"Aoki, Norichika",TOR,OF,12,32,4,9,1,0,3,8,0,0,1,5,0,1,0,0.281,0.294,0.594,0.888
"Brantly, Rob",CWS,C,14,31,4,9,1,0,2,5,0,0,3,14,0,0,2,0.29,0.389,0.516,0.905
"Robinson, Shane",LAA,OF,20,31,7,6,0,0,0,1,2,0,3,5,0,1,0,0.194,0.257,0.194,0.451
"Freeman, Mike",SEA,SS,16,30,3,2,0,0,1,1,0,0,4,9,0,0,0,0.067,0.176,0.167,0.343
"Puello, Cesar",TB,OF,16,30,6,6,0,0,0,2,0,0,4,11,0,0,1,0.2,0.314,0.2,0.514
"Santander, Anthony",BAL,OF,13,30,1,8,3,0,0,2,0,0,0,8,0,1,0,0.267,0.258,0.367,0.625
"Severino, Pedro",WAS,C,17,29,0,5,1,0,0,3,0,0,2,10,0,0,0,0.172,0.226,0.207,0.433
"Holaday, Bryan",DET,C,13,29,1,7,2,0,0,2,0,0,0,1,0,0,0,0.241,0.241,0.31,0.551
"Gosewisch, Tuffy",SEA,C,11,28,1,2,0,0,0,0,0,0,1,14,2,0,0,0.071,0.103,0.071,0.174
"Cardullo, Stephen",COL,OF,15,28,2,4,0,0,0,3,0,0,3,7,0,0,1,0.143,0.25,0.143,0.393
"Vogelbach, Daniel",SEA,1B,16,28,0,6,1,0,0,2,0,0,3,9,0,0,0,0.214,0.29,0.25,0.54
"Bostick, Chris",PIT,2B,20,27,6,8,2,0,0,1,0,1,4,9,0,0,1,0.296,0.406,0.37,0.776
"Smolinski, Jake",OAK,OF,16,27,1,7,1,0,0,0,0,0,1,6,0,0,1,0.259,0.31,0.296,0.606
"Smith, Dwight",TOR,OF,12,27,2,10,2,0,0,1,1,0,1,10,0,0,1,0.37,0.414,0.444,0.858
"Tauchman, Mike",COL,OF,31,27,2,6,0,1,0,2,1,2,5,10,0,0,0,0.222,0.344,0.296,0.64
"Janish, Paul",BAL,SS,14,26,0,2,0,0,0,3,0,0,1,6,1,0,0,0.077,0.111,0.077,0.188
"Martinez, Michael",TB,2B,13,26,1,2,0,0,0,0,0,0,3,10,0,0,0,0.077,0.172,0.077,0.249
"Nieuwenhuis, Kirk",MIL,OF,16,26,3,3,1,0,1,1,0,0,4,15,0,0,1,0.115,0.258,0.269,0.527
"Saltalamacchia, Jarrod",TOR,C,10,25,1,1,0,0,0,0,0,0,1,16,0,0,0,0.04,0.077,0.04,0.117
"Negron, Kris",ARI,SS,14,25,3,4,1,0,0,1,0,0,4,7,1,0,1,0.16,0.3,0.2,0.5
"Bautista, Rafael",WAS,OF,17,25,2,4,0,0,0,0,0,0,2,5,0,0,0,0.16,0.222,0.16,0.382
"Santana, Danny",MIN,OF,13,25,3,5,1,0,1,1,1,0,1,8,0,0,0,0.2,0.231,0.36,0.591
"Freeman, Mike",CHC,SS,15,25,3,4,2,0,0,0,0,0,2,8,0,0,0,0.16,0.222,0.24,0.462
"Robles, Victor",WAS,OF,13,24,2,6,1,2,0,4,0,1,0,6,1,0,2,0.25,0.308,0.458,0.766
"Murphy, Tom",COL,C,12,24,1,1,1,0,0,1,0,0,2,9,0,0,0,0.042,0.115,0.083,0.198
"Franklin, Nick",LAA,OF,13,24,2,3,1,0,0,2,0,0,5,3,0,0,1,0.125,0.3,0.167,0.467
"Stassi, Max",HOU,C,14,24,5,4,1,0,2,4,0,0,6,4,0,1,0,0.167,0.323,0.458,0.781
"Gallagher, Cameron",KC,C,13,24,2,6,1,0,1,5,0,0,3,4,0,0,0,0.25,0.333,0.417,0.75
"Verdugo, Alex",LAD,OF,15,23,1,4,0,0,1,1,0,1,2,4,0,0,0,0.174,0.24,0.304,0.544
"Stubbs, Drew",SF,OF,10,22,0,2,0,0,0,0,0,0,2,9,0,0,0,0.091,0.167,0.091,0.258
"Espinosa, Danny",TB,2B,8,22,1,6,0,0,0,0,0,0,1,11,0,0,1,0.273,0.333,0.273,0.606
"Perez, Carlos",LAA,C,11,20,1,2,0,0,1,3,0,0,1,6,0,0,0,0.1,0.143,0.25,0.393
"Fontana, Nolan",LAA,2B,12,20,1,1,0,0,1,1,1,1,3,8,0,0,0,0.05,0.174,0.2,0.374
"Segedin, Rob",LAD,1B,13,20,3,4,2,0,0,1,0,0,0,7,0,0,0,0.2,0.2,0.3,0.5
"Hannemann, Jacob",SEA,OF,11,20,3,3,0,0,1,1,0,1,0,4,0,0,0,0.15,0.15,0.3,0.45
"Farmer, Kyle",LAD,C,20,20,1,6,1,0,0,2,0,0,0,3,0,0,0,0.3,0.3,0.35,0.65
"McMahon, Ryan",COL,1B,17,19,2,3,1,0,0,1,0,0,5,5,0,0,0,0.158,0.333,0.211,0.544
"Szczur, Matt",CHC,OF,15,19,2,4,1,0,0,3,0,0,2,4,1,1,0,0.211,0.273,0.263,0.536
"Higashioka, Kyle",NYY,C,9,18,2,0,0,0,0,0,0,0,2,6,0,0,0,0,0.1,0,0.1
"Saunders, Michael",TOR,OF,12,18,1,3,0,0,0,1,0,0,2,4,0,0,0,0.167,0.25,0.167,0.417
"Sisco, Chance",BAL,C,10,18,3,6,2,0,2,4,0,0,3,7,0,0,1,0.333,0.455,0.778,1.233
"Colon, Christian",KC,2B,7,17,1,3,0,0,0,0,0,0,1,3,1,0,0,0.176,0.222,0.176,0.398
"Beckham, Gordon",SEA,2B,11,17,2,3,0,0,0,0,1,0,1,2,0,0,0,0.176,0.222,0.176,0.398
"Goodrum, Niko",MIN,2B,11,17,1,1,0,0,0,0,0,0,1,10,0,0,0,0.059,0.111,0.059,0.17
"Freitas, David",ATL,C,6,17,2,4,2,0,0,2,0,0,0,4,0,0,0,0.235,0.235,0.353,0.588
"Smith, Tyler",SEA,SS,10,16,2,3,1,0,0,1,0,0,1,8,0,1,1,0.188,0.263,0.25,0.513
"Espinosa, Danny",SEA,2B,8,16,2,3,2,0,0,2,1,0,1,7,0,0,0,0.188,0.235,0.313,0.548
"Williams, Mason",NYY,OF,5,16,3,4,0,0,0,1,2,0,1,2,0,0,0,0.25,0.294,0.25,0.544
"Choi, Ji-Man",NYY,1B,6,15,2,4,1,0,2,5,0,0,2,5,0,1,0,0.267,0.333,0.733,1.066
"Nunez, Renato",OAK,OF,8,15,1,3,0,0,1,3,0,0,1,8,0,0,0,0.2,0.25,0.4,0.65
"Huffman, Chad",STL,OF,12,14,3,4,0,1,0,0,0,0,1,6,0,0,0,0.286,0.333,0.429,0.762
"Zagunis, Mark",CHC,OF,7,14,0,0,0,0,0,1,2,0,4,6,0,0,0,0,0.222,0,0.222
"Stallings, Jacob",PIT,C,5,14,3,5,2,0,0,3,0,0,2,2,0,0,0,0.357,0.438,0.5,0.938
"Ohlman, Michael",TOR,C,7,13,1,3,0,0,0,1,0,0,0,3,0,0,0,0.231,0.231,0.231,0.462
"Vargas, Ildemaro",ARI,2B,12,13,4,4,1,0,0,4,0,0,0,3,0,0,0,0.308,0.308,0.385,0.693
"Federowicz, Tim",SF,C,13,13,3,3,0,0,2,3,0,0,1,4,0,0,0,0.231,0.286,0.692,0.978
"Davis, Taylor",CHC,C,8,13,1,3,1,0,0,1,0,0,0,4,0,0,0,0.231,0.231,0.308,0.539
"Culberson, Charlie",LAD,SS,15,13,0,2,1,0,0,1,0,0,2,4,0,0,0,0.154,0.267,0.231,0.498
"Martin, Leonys",CHC,OF,15,13,2,2,1,0,0,1,1,0,3,4,0,0,0,0.154,0.313,0.231,0.544
"Wendle, Joey",OAK,2B,8,13,3,4,1,0,1,5,0,0,1,3,0,0,0,0.308,0.357,0.615,0.972
"Mejia, Francisco",CLE,DH,11,13,1,2,0,0,0,1,0,0,1,3,0,0,0,0.154,0.214,0.154,0.368
"Adames, Cristhian",COL,SS,12,13,1,0,0,0,0,0,0,0,1,6,0,0,0,0,0.071,0,0.071
"Susac, Andrew",MIL,C,8,12,0,1,0,0,0,0,0,0,0,6,0,0,0,0.083,0.083,0.083,0.166
"Walker, Christian",ARI,1B,11,12,2,3,1,0,2,2,0,0,1,5,0,0,2,0.25,0.4,0.833,1.233
"Jimenez, A.J.",TEX,C,7,12,0,1,0,0,0,0,0,0,0,7,1,0,0,0.083,0.083,0.083,0.166
"Ortiz, Danny",PIT,OF,9,12,1,1,0,0,0,0,0,0,1,1,0,0,0,0.083,0.154,0.083,0.237
"Moran, Colin",HOU,3B,7,11,3,4,0,1,1,3,0,0,1,1,0,0,0,0.364,0.417,0.818,1.235
"Read, Raudy",WAS,C,8,11,1,3,0,0,0,0,0,0,0,3,0,0,0,0.273,0.273,0.273,0.546
"Wallach, Chad",CIN,C,6,11,0,1,0,0,0,0,0,0,0,5,0,0,0,0.091,0.091,0.091,0.182
"Martinez, Michael",CLE,2B,15,11,1,4,1,0,0,0,0,1,2,5,1,0,0,0.364,0.462,0.455,0.917
"Lavarnway, Ryan",OAK,C,6,11,0,3,1,0,0,2,0,0,1,3,0,0,1,0.273,0.385,0.364,0.749
"Johnson, Micah",ATL,2B,18,10,2,2,0,0,0,0,1,0,0,4,1,0,0,0.2,0.2,0.2,0.4
"Giavotella, Johnny",BAL,2B,7,10,0,1,0,0,0,0,1,0,0,4,0,0,0,0.1,0.1,0.1,0.2
"Valera, Breyvic",STL,2B,5,10,0,1,0,0,0,0,0,0,1,0,0,0,0,0.1,0.182,0.1,0.282
"Gale, Rocky",SD,C,3,10,1,1,0,0,1,2,0,0,0,2,0,0,0,0.1,0.1,0.4,0.5
"Nido, Tomas",NYM,C,5,10,0,3,1,0,0,3,0,0,0,2,0,0,0,0.3,0.3,0.4,0.7
"Pena, Francisco",BAL,C,5,10,3,5,0,0,2,2,0,0,0,3,0,0,0,0.5,0.5,1.1,1.6
"Marjama, Mike",SEA,C,5,9,1,3,1,0,1,1,0,0,0,1,0,0,0,0.333,0.333,0.778,1.111
"Casali, Curt",TB,C,9,9,2,3,0,0,1,3,0,0,3,3,0,1,0,0.333,0.462,0.667,1.129
"Vincej, Zach",CIN,SS,9,9,2,1,0,0,0,0,0,0,1,5,0,0,2,0.111,0.333,0.111,0.444
"Kozma, Pete",NYY,SS,11,9,2,1,0,0,0,0,0,0,1,2,0,0,0,0.111,0.2,0.111,0.311
"Selsky, Steve",BOS,3B,8,9,0,1,1,0,0,0,0,0,0,5,0,0,0,0.111,0.111,0.222,0.333
"d'Arnaud, Chase",ATL,SS,11,8,5,3,0,0,0,0,0,0,2,3,0,0,0,0.375,0.5,0.375,0.875
"Flores, Ramon",LAA,OF,3,8,0,1,0,0,0,1,0,0,0,1,0,1,0,0.125,0.111,0.125,0.236
"Gosselin, Phil",TEX,2B,12,8,0,1,1,0,0,0,0,0,0,3,0,0,0,0.125,0.125,0.25,0.375
"Lombardozzi, Steve",MIA,2B,2,8,0,0,0,0,0,0,0,0,0,2,0,0,0,0,0,0,0
"Alford, Anthony",TOR,OF,4,8,0,1,1,0,0,0,0,0,0,3,0,0,0,0.125,0.125,0.25,0.375
"Andujar, Miguel",NYY,3B,5,7,0,4,2,0,0,4,1,0,1,0,0,0,0,0.571,0.625,0.857,1.482
"Murphy, John Ryan",ARI,C,5,7,0,1,1,0,0,1,0,0,0,1,0,0,0,0.143,0.143,0.286,0.429
"LaMarre, Ryan",OAK,OF,3,7,0,0,0,0,0,0,0,0,1,3,0,0,0,0,0.125,0,0.125
"Dickson, O'Koyea",LAD,1B,7,7,0,1,0,0,0,0,0,0,2,2,0,0,0,0.143,0.333,0.143,0.476
"Recker, Anthony",ATL,C,6,7,1,1,0,0,0,0,0,0,0,1,0,0,0,0.143,0.143,0.143,0.286
"den Dekker, Matt",DET,OF,4,7,1,1,0,0,0,0,0,0,1,4,0,0,0,0.143,0.25,0.143,0.393
"Reed, A.J.",HOU,1B,2,6,0,0,0,0,0,0,0,0,0,1,0,0,0,0,0,0,0
"Burns, Billy",KC,OF,7,6,1,1,0,0,0,0,0,1,0,1,0,0,0,0.167,0.167,0.167,0.334
"Washington, David",BAL,1B,3,6,0,0,0,0,0,0,0,0,0,5,0,0,0,0,0,0,0
"Ceciliani, Darrell",TOR,OF,3,5,2,2,1,0,1,3,0,0,0,0,0,0,0,0.4,0.4,1.2,1.6
"Freeman, Mike",LAD,SS,4,5,0,0,0,0,0,0,0,0,0,2,0,0,0,0,0,0,0
"Swihart, Blake",BOS,C,6,5,1,1,0,0,0,0,0,0,2,3,0,0,0,0.2,0.429,0.2,0.629
"Reinheimer, Jack",ARI,SS,2,5,0,0,0,0,0,0,0,0,0,3,0,0,0,0,0,0,0